Date,Open,High,Low,Close,Volume,MA_20,MA_50,RSI
2023-07-31,150.0,153.2,150.0,151.86,2217659.0,,,
2023-08-01,151.86,155.7,150.6,153.37,2723420.0,,,100.0
2023-08-02,152.0,154.49,151.2,151.73,824565.0,,,46.09063160366246
2023-08-03,152.0,152.5,145.06,145.83,959295.0,,,14.922780938791917
2023-08-04,145.5,146.66,142.63,143.38,842918.0,,,11.457840808656243
2023-08-07,142.66,145.42,139.9,140.32,1530950.0,,,8.731046887446453
2023-08-08,140.5,142.5,140.0,141.58,640049.0,,,17.44339391704898
2023-08-09,141.05,147.47,141.01,146.43,969084.0,,,40.84939283399864
2023-08-10,148.0,151.0,146.89,149.04,1548098.0,,,49.196771485493294
2023-08-11,146.9,154.5,146.9,150.3,2784583.0,,,52.669320377210404
2023-08-15,150.4,152.0,148.5,150.12,2800475.0,,,52.12122228318495
2023-08-16,151.0,151.0,149.0,149.83,1082515.0,,,51.19683519873718
2023-08-17,149.83,152.5,147.6,150.87,641023.0,,,54.32532516320551
2023-08-18,151.0,152.0,149.0,149.09,921604.0,,,48.58471818763912
2023-08-21,149.2,150.99,142.2,143.77,2020335.0,,,36.25401374141227
2023-08-22,145.0,145.0,141.89,143.58,746802.0,,,35.90354268641536
2023-08-23,142.5,144.6,140.8,143.57,603399.0,,,35.883880738201924
2023-08-24,143.57,147.25,143.57,146.34,2229931.0,,,44.8872627610551
2023-08-25,147.0,147.99,146.0,146.86,291942.0,,,46.408655573421846
2023-08-28,147.0,147.38,145.1,146.45,1437075.0,147.216,,45.34575841681665
2023-08-29,144.01,147.5,144.01,146.94,542710.0,146.97,,46.91069311490282
2023-08-30,146.28,147.75,146.02,146.46,1143095.0,146.6245,,45.53522761916426
2023-08-31,147.48,149.0,137.5,139.09,7219945.0,145.9925,,30.66697979085781
2023-09-01,139.2,142.49,136.1,141.65,574015.0,145.7835,,38.213752343526934
2023-09-04,142.48,142.89,141.01,142.11,401698.0,145.72,,39.48832002604577
2023-09-05,142.5,142.5,140.05,140.87,249598.0,145.7475,,37.25716656825456
2023-09-06,141.88,143.6,140.0,143.42,790466.0,145.8395,,44.23507241829589
2023-09-07,143.98,145.0,140.75,141.43,583034.0,145.5895,,40.45395993351814
2023-09-08,142.5,142.75,140.5,141.08,936821.0,145.1915,,39.809436756523496
2023-09-11,141.2,141.89,138.0,138.55,962373.0,144.60399999999998,,35.41681181457555
2023-09-12,138.99,146.4,138.0,141.72,4179712.0,144.18400000000003,,43.786380273992094
2023-09-13,142.5,142.89,141.03,141.52,422820.0,143.76850000000002,,43.40419782703873
2023-09-14,142.0,142.5,139.11,141.92,175182.0,143.321,,44.44853771665075
2023-09-15,141.8,143.5,138.82,139.39,1066604.0,142.836,,39.48557181188947
2023-09-18,139.99,141.75,138.8,140.5,1155364.0,142.6725,,42.5180815811423
2023-09-19,141.0,143.0,140.1,142.74,1244220.0,142.6305,,48.16341245852626
2023-09-20,142.99,143.6,141.4,143.45,421166.0,142.6245,,49.844804879390175
2023-09-21,140.51,146.66,140.51,146.08,1379989.0,142.6115,,55.59106314175962
2023-09-22,146.75,147.99,146.0,146.89,968761.0,142.613,,57.21682229987265
2023-09-25,146.8,147.5,145.4,145.91,311402.0,142.58599999999998,,54.611876609637136
2023-09-26,146.0,147.1,145.01,146.01,326292.0,142.5395,,54.837824556898774
2023-09-27,146.98,147.0,143.6,144.21,300230.0,142.427,,50.01173594999745
2023-09-28,144.49,144.49,143.31,143.6,205373.0,142.6525,,48.45541416456769
2023-10-02,144.9,146.0,142.11,144.5,258741.0,142.79500000000002,,50.88396993658502
2023-10-03,145.5,145.97,143.5,144.0,661523.0,142.8895,,49.488934283567275
2023-10-04,144.5,148.99,144.5,147.29,887818.0,143.2105,,57.70563400193298
2023-10-05,148.4,149.25,147.5,148.45,682523.0,143.462,,60.166063288858716
2023-10-06,148.25,148.99,148.0,148.44,182460.0,143.8125,,60.133586568170735
2023-10-09,148.48,153.3,147.7,150.82,1305233.0,144.29950000000002,,64.97880318562063
2023-10-10,151.0,153.1,150.5,152.67,849528.0,145.0055,145.32059999999998,68.21278765250688
2023-10-11,152.99,153.25,151.15,153.05,240518.0,145.57199999999997,145.3444,68.84910537804109
2023-10-12,152.98,155.0,152.6,154.76,1351661.0,146.23399999999998,145.37220000000002,71.603832035419
2023-10-13,153.16,157.8,153.16,157.07,1152395.0,146.9915,145.47899999999998,74.84058186492895
2023-10-16,158.37,158.38,154.75,155.97,825199.0,147.82049999999998,145.6818,70.70744370828572
2023-10-17,155.98,156.5,153.8,154.13,456163.0,148.502,145.8968,64.30967007308192
2023-10-18,153.51,157.85,153.51,156.41,1090749.0,149.1855,146.2186,68.15478737905889
2023-10-19,155.02,159.2,155.02,158.75,658091.0,149.95049999999998,146.562,71.54330106449353
2023-10-20,159.8,160.0,158.0,158.37,510210.0,150.565,146.8008,70.23629055276771
2023-10-23,159.0,159.4,157.33,157.61,515382.0,151.101,146.9722,67.5772480071808
2023-10-24,158.79,158.79,150.0,157.8,704174.0,151.6955,147.1222,67.90438832284931
2023-10-25,158.0,162.0,157.14,157.37,5561097.0,152.2635,147.2672,66.27460129846176
2023-10-26,158.48,159.85,158.0,158.48,3116506.0,152.977,147.4402,68.38409320523195
2023-10-27,158.65,160.5,158.21,160.06,2640864.0,153.8,147.624,71.15027803074463
2023-10-30,161.0,163.7,159.99,163.13,2308002.0,154.7315,147.9048,75.61473814582013
2023-10-31,163.2,168.0,163.2,167.61,2232153.0,155.91199999999998,148.3816,80.38497994559235
2023-11-01,168.3,169.5,166.0,167.0,1322108.0,156.89749999999998,148.85,78.14346249035898
2023-11-02,167.0,168.4,166.2,166.46,1209897.0,157.798,149.30780000000001,76.11991173658672
2023-11-03,156.96,158.0,155.0,156.06,1015949.0,158.179,149.5022,49.52214546410898
2023-11-06,155.26,157.2,155.0,156.73,390276.0,158.47449999999998,149.6996,50.71687949603988
2023-11-07,157.0,158.35,157.0,157.91,7678809.0,158.7365,149.92880000000002,52.83421323619474
2023-11-08,158.0,161.35,156.75,159.82,8071765.0,159.075,150.1864,56.120382969428945
2023-11-10,160.0,161.01,159.0,159.82,2376957.0,159.328,150.4536,56.120382969428945
2023-11-13,159.72,161.0,159.62,160.52,1370793.0,159.50050000000002,150.88219999999998,57.38245848232262
2023-11-14,161.5,161.5,157.02,158.04,1034203.0,159.60399999999998,151.21,51.70806883516176
2023-11-15,158.04,159.2,155.0,158.0,1255007.0,159.79749999999999,151.5278,51.61940510625018
2023-11-16,156.0,159.1,156.0,158.92,992638.0,159.923,151.8888,53.59049804134384
2023-11-17,159.25,160.0,158.0,158.84,700772.0,159.9275,152.1972,53.386814121122036
2023-11-20,158.12,162.5,158.12,161.43,962318.0,160.0805,152.5972,58.84098106334561
2023-11-21,162.0,165.0,161.99,164.1,1517730.0,160.405,153.0576,63.57293011158368
2023-11-22,164.9,164.9,163.01,164.39,871776.0,160.73449999999997,153.5744,64.05628863727539
2023-11-23,162.01,165.7,162.0,164.86,825468.0,161.10899999999998,154.03719999999998,64.86988547756928
2023-11-24,165.0,167.5,163.51,165.15,1090353.0,161.4425,154.50979999999998,65.39044119584659
2023-11-27,165.8,173.3,165.0,172.02,1927325.0,162.0405,155.11180000000002,74.88483298491785
2023-11-28,172.02,184.92,172.02,184.91,4390794.0,163.12949999999998,156.0222,83.84158709115886
2023-11-29,186.21,188.4,184.02,184.73,2294335.0,163.9855,156.9068,83.39433190427565
2023-11-30,185.0,188.99,180.0,181.53,2092879.0,164.71200000000002,157.6826,75.66643492192745
2023-12-01,183.88,183.88,178.1,181.94,604374.0,165.48600000000002,158.4524,75.97364205467602
2023-12-04,184.0,184.6,180.01,180.75,511747.0,166.72050000000002,159.1458,73.08942534363665
2023-12-05,180.05,182.5,180.0,181.41,306817.0,167.9545,159.8362,73.68609224616019
2023-12-06,182.5,184.0,181.01,182.86,590588.0,169.202,160.5752,74.99768195803748
2023-12-07,184.5,184.9,181.4,183.22,1395098.0,170.372,161.3194,75.32650519752197
2023-12-08,184.9,191.5,184.5,190.05,3522859.0,171.8835,162.2362,80.5523095641783
2023-12-11,190.05,191.99,186.0,186.38,1036495.0,173.1765,163.0918,71.75761937133741
2023-12-12,186.01,186.5,183.75,184.38,609660.0,174.49349999999998,163.88940000000002,67.4365942399953
2023-12-13,185.95,186.8,175.0,181.58,809724.0,175.67249999999999,164.64100000000002,61.82370446773184
2023-12-14,181.5,183.98,175.0,179.39,1274988.0,176.696,165.283,57.77338337859372
2023-12-15,180.98,180.98,175.11,178.42,1280393.0,177.675,165.8824,56.02268765187399
2023-12-18,179.0,179.9,175.41,175.56,438082.0,178.38150000000002,166.4248,51.105368709395314
2023-12-19,175.0,178.0,170.25,173.04,1038049.0,178.82850000000002,166.8692,47.17615065672854
2023-12-20,173.48,174.0,170.11,173.5,654238.0,179.28400000000002,167.28580000000002,47.96264712197153
2023-12-21,175.0,175.0,170.5,173.46,351453.0,179.714,167.694,47.895866323793285
2023-12-22,173.99,173.99,170.05,170.74,600728.0,179.99349999999998,168.0136,43.46413800947752
2023-12-26,170.0,171.5,165.15,169.14,775215.0,179.84949999999998,168.255,41.057538802752134
2023-12-27,169.9,174.44,165.55,171.67,825070.0,179.1875,168.56900000000002,46.136260564942724
2023-12-28,172.8,177.79,172.2,174.57,902374.0,178.67950000000002,168.97780000000003,51.31456273671528
2023-12-29,174.85,178.8,174.11,177.84,427117.0,178.495,169.40640000000002,56.40402314556155
2024-01-01,176.48,184.9,176.48,184.32,720201.0,178.61399999999998,169.91780000000003,64.35593906590486
2024-01-02,186.96,186.96,183.75,184.99,646424.0,178.826,170.4502,65.06545945827271
2024-01-03,185.9,187.18,182.5,185.08,495480.0,179.0095,170.9996,65.16576763564802
2024-01-04,185.09,185.85,182.55,184.68,759786.0,179.10049999999998,171.5372,64.28233164176751
2024-01-05,185.85,185.89,180.11,183.65,383176.0,179.122,172.06279999999998,61.953266163566994
2024-01-08,184.9,184.9,178.9,179.42,639782.0,178.5905,172.4816,53.39682212503636
2024-01-09,181.0,181.99,178.6,179.62,610880.0,178.2525,172.8728,53.72226555493702
2024-01-10,180.79,180.79,178.2,178.6,420920.0,177.9635,173.18219999999997,51.73789140697831
2024-01-11,179.6,180.48,178.21,179.75,233138.0,177.87199999999999,173.425,53.80948426240173
2024-01-12,181.0,182.5,180.0,180.19,341669.0,177.91199999999998,173.68880000000001,54.61222721881426
2024-01-15,180.25,181.98,179.4,179.79,156973.0,177.98049999999998,173.9554,53.69858009247363
2024-01-16,180.98,180.98,178.95,179.4,661283.0,178.17249999999999,174.4222,52.77158372747531
2024-01-17,180.0,183.93,178.5,183.09,2997560.0,178.675,174.94940000000003,59.83630914752027
2024-01-18,184.49,184.49,178.0,183.22,912688.0,179.161,175.4556,60.062966274321916
2024-01-19,184.0,185.2,181.75,182.78,565293.0,179.627,175.91479999999999,58.85238530943181
2024-01-22,182.01,183.25,180.81,182.04,251534.0,180.192,176.3592,56.779651582566494
2024-01-23,183.0,186.0,182.01,184.1,612716.0,180.94,176.83079999999998,60.907236361076635
2024-01-24,184.95,185.3,183.19,184.8,772934.0,181.59650000000002,177.36599999999999,62.2273188035499
2024-01-25,184.89,185.48,183.01,184.5,647546.0,182.09300000000002,177.896,61.272376128660234
2024-01-26,184.25,185.9,182.0,183.19,496419.0,182.3605,178.38139999999999,57.148232869143115
2024-01-29,184.75,184.75,181.11,182.94,787771.0,182.29149999999998,178.8634,56.368476884253695
2024-01-30,183.49,183.5,179.75,180.08,779939.0,182.046,179.2364,48.25656821219888
2024-01-31,181.95,183.0,180.98,182.06,529567.0,181.895,179.5956,53.27032594445155
2024-02-01,183.45,184.0,181.0,182.52,513382.0,181.787,179.9582,54.37637708897449
2024-02-02,183.0,183.5,181.26,182.65,360928.0,181.73700000000002,180.31399999999996,54.70268314899925
2024-02-06,183.0,185.9,182.4,184.4,674476.0,181.986,180.69899999999998,58.95810087852872
2024-02-07,184.98,186.5,184.77,185.99,285861.0,182.30450000000002,180.9784,62.41311491544578
2024-02-09,182.0,185.7,182.0,184.15,608053.0,182.58200000000002,180.9632,56.48692354204435
2024-02-12,182.99,184.0,180.01,181.74,498070.0,182.6815,180.9034,49.81509766969086
2024-02-13,181.5,188.79,180.3,186.4,1406257.0,182.99200000000002,181.00080000000003,59.72164032841079
2024-02-14,187.6,187.9,185.6,185.99,929471.0,183.302,181.08180000000002,58.62512319391201
2024-02-15,187.0,187.0,180.85,182.06,931795.0,183.435,181.108,49.28429073013627
2024-02-16,181.0,183.3,180.5,181.86,511264.0,183.37349999999998,181.11700000000002,48.85765564536522
2024-02-19,180.65,181.99,179.51,180.03,794224.0,183.214,181.06040000000002,45.017610964930235
2024-02-20,181.0,181.0,178.76,179.13,518057.0,183.0315,180.9786,43.218533822112725
2024-02-21,181.0,184.98,180.4,182.96,1964122.0,183.07750000000001,180.8368,52.008250424753555
2024-02-22,184.0,186.45,182.25,185.87,688257.0,183.166,180.82659999999998,57.40360525590423
2024-02-23,185.11,189.2,185.11,188.81,722636.0,183.3665,180.91519999999997,62.04607563677931
2024-02-26,188.99,192.1,188.99,190.59,1227411.0,183.671,181.09539999999998,64.56419307505749
2024-02-27,190.99,190.99,188.11,188.28,979969.0,183.9255,181.2732,59.08550118312804
2024-02-28,188.87,190.5,188.0,188.28,1204394.0,184.19250000000002,181.4704,59.08550118312804
2024-02-29,188.3,193.0,188.3,192.23,830766.0,184.8,181.80380000000002,64.97894162733857
2024-03-01,193.1,194.1,192.0,192.64,584076.0,185.329,182.1958,65.53389351556694
2024-03-04,194.48,195.0,191.55,194.0,741062.0,185.903,182.6058,67.3803742296804
2024-03-05,195.0,196.8,194.0,195.36,806734.0,186.5385,183.0438,69.15970139104505
2024-03-06,195.2,196.91,195.0,195.5,2785770.0,187.0935,183.53900000000002,69.34507627177157
2024-03-07,185.0,187.49,184.0,184.97,939640.0,187.0425,183.85559999999998,46.63813965743638
2024-03-08,185.3,187.0,182.5,182.85,2152131.0,186.9775,184.0792,43.546503483504274
2024-03-11,182.9,182.9,181.0,182.01,241680.0,186.991,184.22799999999998,42.34862011831253
2024-03-12,182.28,182.28,180.25,181.69,116022.0,186.7555,184.305,41.876032705304056
2024-03-13,181.99,181.99,180.0,180.46,1018444.0,186.47899999999998,184.2278,40.027036010335756
2024-03-14,181.0,181.0,178.52,179.65,880930.0,186.3585,184.12099999999998,38.81169594356572
2024-03-15,179.25,180.79,177.6,178.34,241422.0,186.1825,183.9862,36.86230974043422
2024-03-18,179.0,180.0,178.6,179.78,282512.0,186.17000000000002,183.88819999999998,40.40567599809028
2024-03-19,180.0,181.99,179.22,181.22,9031380.0,186.2745,183.8396,43.802175402893965
2024-03-20,180.75,181.99,179.4,180.02,4451128.0,186.1275,183.8516,41.670790797567726
2024-03-21,180.98,181.0,178.13,178.76,405499.0,185.772,183.8344,39.49753844901599
2024-03-22,179.0,179.0,174.69,176.14,631379.0,185.1385,183.7852,35.36712435135114
2024-03-25,177.5,177.95,175.0,176.17,1364948.0,184.4175,183.7136,35.45036242458946
2024-03-26,177.95,179.35,176.5,178.61,757753.0,183.93400000000003,183.68200000000002,41.99366794849566
2024-03-27,178.62,183.0,178.62,181.51,2484510.0,183.5955,183.7164,48.655452412210145
2024-03-28,182.0,183.81,180.03,181.79,8739676.0,183.0735,183.7642,49.26134941289683
2024-03-29,181.93,182.94,180.64,182.28,4231135.0,182.5555,183.748,50.36520792296503
2024-04-01,182.0,183.11,181.5,181.91,557715.0,181.951,183.7218,49.48966124248925
2024-04-02,181.01,182.2,180.51,181.27,297945.0,181.2465,183.6916,47.93732636187966
2024-04-03,181.99,182.0,181.0,181.03,240902.0,180.523,183.6714,47.3376818372212
2024-04-04,181.5,181.8,180.0,181.32,304230.0,180.3405,183.6158,48.18117021901678
2024-04-08,182.0,186.47,182.0,185.77,471334.0,180.4865,183.6352,59.02622612670651
2024-04-09,187.0,193.19,185.1,188.71,2029359.0,180.8215,183.71940000000004,64.33674733207704
2024-04-15,187.27,193.5,187.27,193.15,820119.0,181.3945,183.9186,70.54548582333344
2024-04-16,192.57,195.92,192.0,192.92,1398950.0,182.01749999999998,184.1182,69.8669330246912
2024-04-17,193.5,198.6,191.66,195.17,3439247.0,182.7935,184.42,72.63947546022858
2024-04-18,195.5,195.9,191.66,194.8,1789956.0,183.6165,184.6748,71.47483488841971
2024-04-19,194.01,198.63,194.01,197.51,1439054.0,184.503,184.97459999999998,74.6772808120447
2024-04-22,198.0,204.74,198.0,202.65,1888627.0,185.5745,185.3746,79.40094881632491
2024-04-23,203.0,206.41,203.0,205.01,1072960.0,186.824,185.7868,81.1404837086268
2024-04-24,205.5,208.92,205.0,205.67,1697458.0,188.1695,186.18040000000002,81.60824650916372
2024-04-25,196.05,201.45,193.55,200.38,2590036.0,189.38150000000002,186.505,67.21775699421053
2024-04-26,200.38,203.25,198.13,200.47,1100319.0,190.5965,186.87959999999998,67.32332950263222
2024-04-29,200.41,201.0,197.5,198.9,1250468.0,191.611,187.12959999999998,63.482641814910984
2024-04-30,200.0,200.9,193.1,193.65,1281960.0,192.21800000000002,187.28279999999998,52.66340396647502
2024-05-02,194.0,194.0,191.25,192.05,600297.0,192.731,187.48260000000002,49.87369690891115
2024-05-03,193.93,194.55,191.5,194.22,284099.0,193.328,187.72979999999998,53.47346727809919
2024-05-06,195.85,197.96,195.35,196.88,295231.0,194.0765,188.0668,57.5023160901515
2024-05-07,197.6,197.9,195.51,196.43,169181.0,194.8345,188.41279999999998,56.60925072198199
2024-05-08,196.96,197.0,193.7,194.97,538672.0,195.5315,188.653,53.695446335033566
2024-05-09,195.11,195.9,193.5,194.36,183071.0,196.1835,188.82280000000003,52.4800200038995
2024-05-10,195.01,196.0,193.0,195.01,251080.0,196.64550000000003,188.9468,53.68311179262652
2024-05-13,195.0,197.0,194.5,196.29,367453.0,197.02450000000002,189.06080000000003,56.04320847801818
2024-05-14,196.98,200.0,196.2,199.7,962731.0,197.352,189.28920000000002,61.64966744847019
2024-05-15,200.0,206.7,199.0,205.67,2962612.0,197.9895,189.63699999999997,69.08411886246034
2024-05-16,205.1,215.0,205.01,214.54,2740285.0,198.958,190.0832,76.40333268731086
2024-05-17,215.0,216.55,208.2,213.93,5154062.0,199.9145,190.50900000000001,75.08678315428931
2024-05-20,214.89,214.89,211.75,212.26,2456232.0,200.652,190.87420000000003,71.45652020544365
2024-05-21,214.26,216.0,209.1,215.51,2974726.0,201.295,191.27720000000002,74.0826530982497
2024-05-22,216.74,217.75,215.25,216.92,716766.0,201.8905,191.7056,75.15082745624127
2024-05-23,216.02,218.35,212.11,214.06,1104945.0,202.31,192.28740000000002,68.94386869413276
2024-05-24,214.9,222.1,214.11,221.71,2645450.0,203.3765,193.06459999999998,74.91258672499721
2024-05-27,221.75,221.75,217.0,221.26,2971497.0,204.416,193.84959999999998,74.0114957257546
2024-05-29,223.98,223.98,219.0,221.28,1671387.0,205.535,194.6414,74.02644938037851
2024-05-30,222.9,222.98,218.01,221.33,1091586.0,206.919,195.4588,74.0666238186001
2024-05-31,220.01,223.8,218.01,223.33,661174.0,208.483,196.3324,75.68660080729882
2024-06-03,223.0,223.0,218.9,221.57,1168893.0,209.8505,197.197,71.45642492140786
2024-06-04,223.0,223.0,220.26,221.28,499092.0,211.07049999999998,198.02700000000002,70.75470347000308
2024-06-05,222.0,222.0,219.1,219.99,803153.0,212.2485,198.8024,67.57570408302621
2024-06-06,219.19,221.99,218.49,218.58,853358.0,213.429,199.5736,64.18134318051844
2024-06-07,221.38,221.38,206.0,216.9,1049677.0,214.55599999999998,200.3364,60.29514761204448
2024-06-10,217.5,217.99,212.53,215.87,649465.0,215.599,201.13100000000003,57.97729187330934
2024-06-11,217.0,219.49,217.0,218.56,403020.0,216.7125,201.9788,62.07745600552951
2024-06-12,216.1,220.5,216.1,219.04,638418.0,217.67950000000002,202.7874,62.77540049080016
2024-06-13,218.05,233.9,218.05,232.44,1922283.0,219.01799999999997,203.80599999999998,76.03536731290926
2024-06-14,234.5,240.3,231.0,239.81,1657876.0,220.2815,204.9664,80.21069303916738
2024-06-20,240.0,260.19,240.0,260.19,3194262.0,222.59449999999998,206.5246,86.97085270577776
2024-06-21,270.0,282.03,260.55,265.65,2106556.0,225.26400000000004,208.1994,88.13979166349782
2024-06-24,268.0,268.0,255.99,258.83,1689230.0,227.43,209.75059999999996,78.6481610827291
2024-06-25,261.4,261.4,256.8,257.58,1476823.0,229.46300000000002,211.2816,77.0112196898543
2024-06-26,258.95,259.8,256.0,257.15,521014.0,231.61749999999998,212.7982,76.42196118068014
2024-06-27,259.0,263.0,258.0,260.2,516921.0,233.54199999999997,214.2868,77.72394676343608
2024-06-28,261.99,262.7,254.92,256.24,1531160.0,235.29100000000003,215.63739999999999,72.1529534213965
2024-07-01,256.95,266.6,255.0,259.09,1920439.0,237.18149999999997,216.9562,73.61853839700827
2024-07-02,260.0,262.0,259.51,261.02,473267.0,239.166,218.3182,74.59368664665152
2024-07-03,262.7,262.98,258.16,261.72,715866.0,241.0855,219.64919999999998,74.955274212745
2024-07-04,262.0,264.5,260.51,262.42,569881.0,243.12800000000001,221.0016,75.33333956335446
2024-07-05,263.79,269.48,259.9,262.09,1554094.0,245.1685,222.29319999999998,74.7603816939453
2024-07-08,264.9,264.9,261.72,263.96,302831.0,247.36699999999996,223.51940000000002,75.87988946384215
2024-07-09,263.96,264.0,260.25,260.9,295153.0,249.483,224.6372,70.3787767116132
2024-07-10,260.01,261.99,258.0,259.9,298774.0,251.63299999999998,225.7218,68.62777318401993
2024-07-11,259.01,260.0,256.0,258.07,332189.0,253.743,226.87559999999996,65.42008471869453
2024-07-12,257.0,259.0,253.0,256.11,581807.0,255.6205,227.9884,62.07359980027599
2024-07-15,258.58,263.0,258.1,260.19,322315.0,257.678,229.2142,65.97535604650295
2024-07-18,260.19,268.9,260.0,267.01,965496.0,259.4065,230.6814,71.29192528019708
2024-07-19,265.01,268.0,259.0,261.14,2256312.0,260.473,232.0632,62.272613728742286
2024-07-22,261.0,261.0,255.11,257.76,775362.0,260.3515,233.334,57.74266630089769
2024-07-23,257.0,262.84,257.0,259.59,454635.0,260.0485,234.5882,59.46206563949042
2024-07-24,258.25,261.94,256.75,257.56,1303580.0,259.985,235.81080000000003,56.70573519902946
2024-07-25,257.7,259.69,254.01,254.75,969448.0,259.8435,237.00639999999999,53.0405630290791
2024-07-26,255.95,260.0,253.2,257.36,302866.0,259.854,238.2664,55.892245797004065
2024-07-29,259.0,266.95,257.3,265.24,845098.0,260.106,239.67100000000002,63.16514667241687
2024-07-30,265.89,268.85,263.01,265.59,630553.0,260.57349999999997,241.05700000000002,63.45339465501369
2024-07-31,266.01,275.0,259.0,259.93,2604068.0,260.6155,242.26159999999996,55.84296970443779
2024-08-01,261.99,261.99,252.1,253.6,565213.0,260.24449999999996,243.2202,48.794471022595374
2024-08-02,254.89,259.95,254.2,256.65,883004.0,259.991,244.06239999999997,51.94203323276396
2024-08-05,256.95,258.8,252.0,252.8,1083166.0,259.51,244.8398,47.936423210923245
2024-08-06,252.9,255.2,252.56,253.07,1239836.0,259.059,245.65599999999998,48.23789685536666
2024-08-07,254.5,256.0,250.5,251.14,875447.0,258.418,246.36859999999996,46.1794378600239
2024-08-08,244.02,244.02,239.05,243.67,1351562.0,257.5565,246.90359999999998,39.205898682487636
2024-08-09,244.0,252.5,238.5,251.86,1004368.0,257.1545,247.65959999999998,48.405266076861516
2024-08-12,251.02,254.0,248.52,249.96,414977.0,256.749,248.22459999999998,46.64196003456576
2024-08-13,248.56,251.0,246.05,249.99,138454.0,256.443,248.7992,46.674990778891974
2024-08-15,250.0,252.0,248.05,249.32,356504.0,255.8995,249.36,45.99025574563926
2024-08-16,250.9,250.9,244.99,245.49,245638.0,254.82350000000002,249.8432,42.180809318465705
2024-08-19,246.0,248.0,244.0,245.56,475391.0,254.04449999999997,250.28779999999998,42.27492121589689
2024-08-20,246.0,255.0,244.05,251.06,840446.0,253.70950000000002,250.87759999999997,49.262842251323704
2024-08-21,251.0,254.99,250.5,253.59,595200.0,253.40950000000004,251.52379999999997,52.13335174536994
2024-08-22,255.0,255.0,252.0,253.32,510945.0,253.1975,252.19039999999998,51.79655980103831
2024-08-23,253.31,259.0,252.25,257.54,1111470.0,253.337,252.96959999999999,56.5240290035937
2024-08-26,257.0,257.36,253.0,253.93,483077.0,253.1655,253.71020000000001,51.84024208486065
2024-08-27,253.93,254.5,252.6,253.08,149117.0,252.55750000000003,254.4544,50.77340834120378
2024-08-28,254.0,254.0,252.0,253.0,115297.0,251.92800000000003,255.1432,50.66772248971401
2024-08-29,253.01,254.9,251.0,252.0,830315.0,251.5315,255.8024,49.286686949325734
2024-08-30,256.0,256.0,251.01,253.24,459865.0,251.51350000000002,256.2184,51.06773311283308
2024-09-02,254.0,255.0,251.0,251.52,244392.0,251.257,256.4526,48.52216452088178
2024-09-03,251.52,253.99,250.16,252.08,256823.0,251.221,256.29040000000003,49.406420278051336
2024-09-04,253.5,253.5,251.0,252.97,417734.0,251.21599999999998,256.0368,50.8513795744511
2024-09-05,253.11,263.98,251.5,261.04,1327601.0,251.71099999999996,256.081,61.569226339979295
2024-09-06,261.0,261.99,258.02,259.96,422637.0,252.52549999999997,256.1286,59.693128612686465
2024-09-09,260.0,261.99,254.0,255.05,435258.0,252.685,256.0866,51.94374067151944
2024-09-10,256.97,260.5,254.01,259.98,525791.0,253.186,256.0822,57.85928928134666
2024-09-11,260.0,261.7,257.12,259.65,1135491.0,253.669,256.1504,57.35038848210417
2024-09-12,257.15,267.49,257.05,265.88,1633395.0,254.497,256.2862,63.82011610650899
2024-09-13,269.5,270.0,261.11,263.88,953442.0,255.41649999999998,256.3434,60.63990421905658
2024-09-16,264.0,265.99,260.0,262.34,218485.0,256.25550000000004,256.35580000000004,58.23361605994196
2024-09-18,263.0,270.0,260.17,268.08,1053653.0,257.1065,256.469,63.97217705425842
2024-09-19,264.1,277.0,264.1,270.67,1256457.0,257.9605,256.6406,66.22702859369109
2024-09-20,270.0,282.99,269.5,278.57,3085746.0,259.223,256.9328,71.98624359382043
2024-09-23,278.0,290.0,277.98,288.05,1119977.0,260.74850000000004,257.4758,77.04493775434499
2024-09-24,288.0,298.0,286.05,295.19,1072648.0,262.81149999999997,258.1816,79.97757478212824
2024-09-25,295.5,298.95,291.0,297.73,932622.0,265.044,258.9748,80.9118275170305
2024-09-26,297.0,301.0,291.05,293.72,408343.0,267.08,259.72700000000003,74.96479396570845
2024-09-27,294.85,294.85,287.02,288.66,766485.0,268.913,260.2964,68.15723845399484
2024-09-30,289.5,292.6,286.14,291.42,297166.0,270.822,260.7846,69.7698063789045
2024-10-01,290.02,294.89,288.3,289.51,309206.0,272.7215,261.35200000000003,67.23237270348315
2024-10-02,289.51,297.0,289.0,295.35,284874.0,274.885,262.1038,70.73677193766054
2024-10-03,294.0,299.5,293.1,295.55,940403.0,277.014,262.823,70.85174153894471
2024-10-04,296.0,298.0,294.0,295.38,717652.0,278.73100000000005,263.57939999999996,70.59784554406583
2024-10-07,295.49,299.99,293.89,298.65,507155.0,280.6655,264.4574,72.62959459337645
2024-10-08,298.5,302.45,295.64,297.38,712118.0,282.78200000000004,265.2578,70.58940246404487
2024-10-09,298.99,301.3,297.95,298.08,1168462.0,284.687,265.9146,71.07174841373681
2024-10-10,299.0,300.0,297.0,297.85,454785.0,286.59700000000004,266.5598,70.66168290295016
2024-10-11,297.85,300.0,297.0,299.81,966487.0,288.2935,267.35740000000004,72.1370376264612
2024-10-14,299.81,301.0,297.77,299.04,1283927.0,290.0515,268.2662,70.6342556989302
2024-10-15,299.1,300.98,297.7,299.61,382107.0,291.915,269.1254,71.11398267581461
2024-10-16,299.99,300.99,293.0,293.93,226678.0,293.2075,269.948,60.50647937569515
2024-10-17,294.94,294.94,289.01,292.28,340633.0,294.288,270.73220000000003,57.80890629726083
2024-10-18,293.0,295.0,291.55,292.28,222654.0,294.9735,271.555,57.80890629726083
2024-10-21,293.01,298.0,290.55,296.15,403252.0,295.3785,272.6046,62.37218245478386
2024-10-22,297.0,298.0,294.61,295.13,303310.0,295.3755,273.47,60.51442600932955
2024-10-23,296.0,299.95,293.5,293.98,2471709.0,295.188,274.35040000000004,58.40234546040475
2024-10-24,296.0,311.0,291.0,309.65,9883837.0,295.9845,275.54359999999997,72.49127205603494
2024-10-25,311.85,321.0,309.5,315.98,1051763.0,297.35049999999995,276.8768,76.02396452148962
2024-10-28,324.0,325.24,315.06,315.94,1407476.0,298.5765,278.2858,75.95758296594704
2024-10-29,316.0,322.85,312.94,318.97,417220.0,300.0495,279.754,77.55625561867076
2024-10-30,319.0,322.0,314.0,315.41,513819.0,301.0525,281.041,71.53749333110231
2024-10-31,317.0,318.0,308.0,311.92,1028949.0,301.871,282.2076,66.12017375259599
2024-11-01,299.88,325.0,294.15,320.58,1120698.0,303.131,283.55280000000005,71.82226285850749
2024-11-04,323.01,325.45,310.11,321.13,572900.0,304.255,284.8246,72.14293239520124
2024-11-05,322.68,322.68,310.0,318.88,2001385.0,305.33000000000004,286.1236,68.69860805680105
2024-11-06,320.0,320.0,312.3,313.15,259501.0,306.0835,287.325,60.74478320957673
2024-11-07,314.0,318.0,310.94,315.18,480633.0,306.95,288.5686,62.405437456223105
2024-11-08,315.5,316.0,312.0,313.03,315988.0,307.611,289.7892,59.53289820822007
2024-11-11,313.25,313.95,312.05,313.42,373913.0,308.33000000000004,290.9928,59.89353394960859
2024-11-12,313.0,316.0,310.6,314.25,337062.0,309.062,292.24739999999997,60.69631679502307
2024-11-13,313.0,316.99,311.05,315.7,413367.0,310.1505,293.5198,62.122703411212136
2024-11-14,316.0,326.0,314.5,323.33,1080157.0,311.703,294.927,68.58370922158086
2024-11-15,326.0,341.0,326.0,330.57,1241097.0,313.61749999999995,296.31759999999997,73.24699873392659
2024-11-18,331.0,336.0,325.0,326.43,628557.0,315.1315,297.647,67.11239303361614
2024-11-19,328.5,333.98,325.0,332.39,1085615.0,316.9945,299.19379999999995,70.89194721326129
2024-11-20,328.0,336.99,328.0,333.03,230743.0,318.947,300.6548,71.27372097207812
2024-11-21,333.0,334.5,329.0,333.76,353620.0,320.15250000000003,302.137,71.72918988780289
2024-11-22,334.8,356.0,331.51,335.77,3465164.0,321.142,303.5348,72.99866024062045
2024-11-25,336.0,351.98,334.05,346.02,1632164.0,322.646,305.1776,78.34004981176955
2024-11-26,346.0,380.62,339.01,343.0,5798098.0,323.84749999999997,306.7908,73.71323444440772
2024-11-27,348.89,357.0,343.01,347.77,2656424.0,325.46549999999996,308.3846,76.11293592758878
2024-11-28,348.01,350.5,331.57,335.52,2157257.0,326.64549999999997,309.6816,60.769909002057915
2024-11-29,337.0,341.22,335.0,339.45,665818.0,327.589,310.8992,63.32421616992968
2024-12-02,341.0,344.89,340.0,342.37,972333.0,328.65099999999995,311.98560000000003,65.14036576008905
2024-12-03,342.99,347.99,342.37,345.72,1354798.0,329.993,312.9962,67.15016223761866
2024-12-04,348.02,351.97,344.5,346.48,959830.0,331.6595,313.9712,67.60645253519235
2024-12-05,348.0,363.0,345.0,360.09,2581424.0,333.905,315.2986,74.4505822101874
2024-12-06,364.0,379.0,358.5,375.15,14056879.0,337.01099999999997,317.0284,79.58943593335277
2024-12-09,366.11,371.0,348.0,367.3,3266009.0,339.705,318.546,71.5150072515757
2024-12-10,370.0,370.0,356.5,357.55,2957087.0,341.87,319.9068,62.9700471892739
2024-12-11,357.5,364.5,357.5,363.38,814630.0,344.254,321.2674,65.61563669723643
2024-12-12,367.0,367.0,359.1,361.64,1409947.0,346.16949999999997,322.5892,64.14270718650525
2024-12-13,361.0,362.9,334.1,346.02,4946717.0,346.942,323.60200000000003,52.70491507576254
2024-12-16,346.0,346.0,330.0,341.39,2146066.0,347.69,324.4568,49.86642245323655
2024-12-17,340.11,361.25,337.5,356.85,1810833.0,348.91299999999995,325.64619999999996,58.00027477311959
2024-12-18,352.51,360.0,346.01,349.64,1080769.0,349.7435,326.6774,53.630213090894934
2024-12-19,348.0,348.48,325.05,333.84,2345091.0,349.7475,327.3972,45.53371676216773
2024-12-20,332.01,349.89,332.01,346.18,712715.0,350.268,328.3246,51.670523515061014
2024-12-23,350.0,362.49,348.0,355.46,2835857.0,350.73999999999995,329.453,55.711814267870096
2024-12-24,356.05,368.0,348.0,365.12,2507585.0,351.84599999999995,330.7632,59.50754941074016
2024-12-26,363.11,375.49,350.0,374.87,2931860.0,353.201,332.38199999999995,62.958281995640704
2024-12-27,376.0,377.49,371.0,373.41,347805.0,355.0955,334.0046,62.104798117795426
2024-12-30,376.0,384.0,368.0,378.33,1997964.0,357.0395,335.7256,63.88171262387894
2024-12-31,380.0,383.0,375.0,382.23,1806809.0,359.03249999999997,337.4472,65.27182052758232
2025-01-01,381.84,390.0,380.0,388.36,1518506.0,361.1645,339.3118,67.39591546945303
2025-01-02,388.36,390.0,384.1,387.75,1523011.0,363.228,341.18719999999996,66.95703910575624
2025-01-03,388.89,389.9,380.01,388.15,891133.0,364.631,342.7572,67.10829414496112
2025-01-06,388.16,390.0,382.31,385.42,544509.0,365.1445,344.1460000000001,64.92393974760043
2025-01-07,385.0,388.4,378.0,382.97,460187.0,365.928,345.48659999999995,62.94383474713716
2025-01-08,382.75,387.0,370.16,373.78,643961.0,366.7395,346.58279999999996,56.03964327618895
2025-01-09,373.78,378.99,369.0,372.38,2182493.0,367.1895,347.7222,55.04902470460923
2025-01-10,371.99,374.0,366.9,369.95,575123.0,367.60499999999996,348.8828,53.288243357597715
2025-01-13,370.0,378.0,369.0,375.92,1641184.0,369.1,349.98960000000005,56.932881036524385
2025-01-14,378.0,390.0,373.01,388.29,2510435.0,371.445,351.33279999999996,63.31915499143553
2025-01-15,390.0,390.0,382.01,385.08,467871.0,372.8565,352.6568,60.79960768014474
2025-01-16,386.99,386.99,382.1,384.05,353645.0,374.577,354.07480000000004,59.97494912035285
2025-01-17,385.0,397.7,382.5,396.61,2249881.0,377.71549999999996,355.70340000000004,66.02631187683966
2025-01-20,398.0,398.0,395.99,396.98,266871.0,380.25550000000004,357.38239999999996,66.18848641728258
2025-01-21,397.1,397.1,392.0,392.38,522587.0,382.10150000000004,358.96160000000003,62.2123835463832
2025-01-22,392.38,394.49,386.05,390.23,2609568.0,383.357,360.4812,60.386470383410966
2025-01-23,393.95,393.95,383.07,386.07,535365.0,383.91700000000003,361.8886,56.90627979966845
2025-01-24,387.01,390.3,387.01,388.85,355831.0,384.68899999999996,363.19899999999996,58.622464972972196
2025-01-27,390.0,390.0,382.51,386.01,487346.0,385.073,364.3078,56.16181673477449
2025-01-28,385.51,392.65,385.05,388.09,1647962.0,385.36600000000004,365.541,57.56664271456533
2025-01-29,389.8,392.0,385.52,389.0,1270497.0,385.398,366.6732,58.197791785287656
2025-01-30,389.0,394.0,388.2,391.66,617513.0,385.5935,367.8458,60.067508821154995
2025-01-31,395.0,413.99,393.01,410.21,1267359.0,386.6965,369.37480000000005,70.10840905836793
2025-02-03,412.01,417.5,410.6,414.02,639052.0,388.12649999999996,370.93980000000005,71.68331424770601
2025-02-04,415.0,417.0,406.0,411.17,495419.0,389.5365,372.2428,68.7647076993181
2025-02-06,409.0,413.99,403.22,410.28,1615724.0,391.3615,373.58840000000004,67.83585550281205
2025-02-07,412.0,413.0,405.01,410.79,1183543.0,393.28200000000004,374.8488,68.10175204741546
2025-02-10,412.99,416.0,407.1,412.23,388651.0,395.396,376.38300000000004,68.8839244800054
2025-02-11,412.23,420.0,412.0,412.79,268187.0,397.2395,377.84979999999996,69.2002203372158
2025-02-12,412.95,416.0,409.05,412.52,130560.0,398.451,379.2528,68.83689941516576
2025-02-13,413.75,413.75,407.05,408.38,235627.0,399.616,380.506,63.3450703230343
2025-02-14,407.1,410.0,406.0,408.56,68715.0,400.8415,381.74760000000003,63.48148643023446
2025-02-17,409.98,412.89,408.56,411.41,545470.0,401.5815,382.774,65.66061480270793
2025-02-18,410.0,414.9,410.0,414.56,389904.0,402.4605,383.5622,67.9378737662687
2025-02-19,416.01,419.99,392.18,395.29,3036988.0,402.606,384.12199999999996,47.28107259876295
2025-02-20,398.69,401.55,395.29,397.26,447297.0,402.95750000000004,384.91619999999995,48.98867561188018
2025-02-21,397.26,397.26,393.5,395.0,103200.0,403.404,385.5486,47.10371448191626
2025-02-24,395.0,404.99,388.0,401.81,470254.0,404.052,386.352,52.97530840647916
2025-02-25,402.2,410.0,398.25,401.0,199975.0,404.8015,387.45160000000004,52.23263923369582
2025-02-26,403.0,403.0,397.85,399.02,302616.0,405.348,388.6042,50.37359507811487
2025-02-27,400.0,405.99,399.03,401.0,343451.0,405.948,389.48720000000003,52.205530106869716
2025-02-28,405.0,405.0,399.0,399.46,199390.0,406.338,390.4836,50.63975612714104
2025-03-03,401.0,401.0,388.0,390.87,1064472.0,405.371,391.6242,42.909058704141934
2025-03-04,390.8,398.0,390.8,396.75,136560.0,404.50750000000005,392.63559999999995,48.684013603695185
2025-03-05,397.0,399.0,390.2,394.52,477719.0,403.675,393.4168,46.75249709007639
2025-03-06,398.0,398.0,394.01,395.89,374154.0,402.9555,394.03219999999993,48.11444013192642
2025-03-07,397.0,398.0,394.01,395.47,945838.0,402.1895,394.44419999999997,47.71154079949657
2025-03-10,395.0,404.85,395.0,403.3,825041.0,401.743,395.042,55.237065948904075
2025-03-11,394.0,394.0,384.51,387.27,1390416.0,400.467,395.2208,41.93162890931256
2025-03-12,388.0,388.0,385.01,386.0,323480.0,399.14099999999996,395.29619999999994,41.08720594940599
2025-03-13,388.0,389.51,384.55,386.17,426948.0,398.0305,395.2524000000001,41.25773519473767
2025-03-14,389.0,389.0,385.5,386.13,489766.0,396.909,395.22,41.22749587897925
2025-03-17,387.0,389.0,385.0,387.15,97682.0,395.696,395.2,42.38710373227383
2025-03-18,389.0,389.01,384.99,385.9,1001456.0,394.26300000000003,395.2096000000001,41.31137896152739
2025-03-19,385.2,390.0,383.99,387.54,671046.0,393.8755,395.301,43.34298563122307
2025-03-20,389.98,390.48,383.5,384.81,273795.0,393.253,395.5216,40.8104224027404
2025-03-21,384.81,386.0,381.66,382.43,255577.0,392.6245,395.7226,38.688069842439624
2025-03-24,383.5,385.97,380.0,381.07,222961.0,391.5875,395.945,37.488324413677454
2025-03-25,383.0,383.75,376.64,378.14,430282.0,390.4445,395.98940000000005,34.97211202166281
2025-03-26,380.02,401.98,379.5,400.02,1608096.0,390.49449999999996,396.224,57.76802668717059
2025-03-27,400.0,414.0,396.1,410.89,554546.0,390.989,396.74019999999996,64.43782366379625
2025-04-03,411.0,451.98,406.0,444.59,1414936.0,393.2455,397.95099999999996,76.71562987404985
2025-04-04,446.0,489.05,446.0,482.18,5855977.0,397.811,399.6624,83.54140870617924
2025-04-07,482.0,482.0,436.1,476.93,3178664.0,401.82,401.2614,80.01345869418614
2025-04-08,477.0,479.0,458.0,460.14,1508984.0,405.101,402.61659999999995,69.85364431737034
2025-04-09,458.98,459.9,440.51,451.0,671384.0,407.8565,403.832,65.01403781042175
2025-04-10,465.0,470.5,456.0,457.92,1301134.0,410.979,405.269,66.88469547899768
2025-04-11,457.0,461.95,432.0,441.74,1117598.0,412.901,406.3268,58.94821002584333
2025-04-14,444.99,479.0,444.98,472.64,1413079.0,417.16949999999997,408.0593999999999,67.0013058969936
2025-04-15,474.0,482.0,472.7,475.06,1131848.0,421.62250000000006,409.79879999999997,67.53839012004326
2025-04-16,481.0,519.0,449.0,479.18,8373095.0,426.27299999999997,411.6024,68.4790055226011
2025-04-17,478.77,498.95,474.0,495.2,10968701.0,431.72649999999993,413.6732,71.88980276941297
2025-04-18,498.0,544.72,496.0,542.77,3976638.0,439.5075,416.3244,79.11618776827713
2025-04-21,548.5,580.0,548.0,552.11,2677984.0,447.81800000000004,419.08619999999996,80.192845586428
2025-04-22,554.99,554.99,522.0,530.04,910369.0,454.9429999999999,421.4636,70.89232461542412
2025-04-23,530.2,547.97,516.0,518.74,1084032.0,461.63950000000006,423.6328,66.63133053118928
2025-04-24,505.0,528.9,496.51,511.52,1395244.0,468.09399999999994,425.64740000000006,63.985062970925036
2025-04-25,512.49,523.5,502.0,507.77,838859.0,474.429,427.5582,62.594564100777376
2025-04-28,500.0,504.9,477.77,480.28,1181100.0,479.53600000000006,428.908,53.42831470263786
2025-04-29,475.6,483.99,468.5,475.13,2716568.0,483.2915,430.16020000000003,51.895115085800185
2025-04-30,465.05,484.0,428.01,461.04,5533339.0,485.7990000000001,431.2134,47.849426836576974
2025-05-02,470.0,505.0,470.0,498.06,2001263.0,488.4725,433.00339999999994,57.27411708062659
2025-05-05,502.0,510.0,483.0,487.26,1402293.0,488.72650000000004,434.52039999999994,54.19692456902139
2025-05-06,487.26,511.9,487.26,490.61,1609391.0,489.41049999999996,436.0414,55.00447804883526
2025-05-07,460.0,487.99,460.0,477.84,2017389.0,490.2955,437.69239999999996,51.29205447483061
2025-05-08,485.0,494.0,430.06,448.05,2983445.0,490.148,438.7082,43.85585039760054
2025-05-09,451.0,464.8,434.01,455.85,2542931.0,490.0445000000001,439.9252,46.06087717331812
2025-05-12,501.44,501.44,501.44,501.44,378056.0,493.0295,441.9178,56.75223175633632
2025-05-13,520.0,520.0,492.5,495.26,2054083.0,494.16049999999996,443.80300000000005,55.15625275430329
2025-05-14,493.99,510.98,490.06,499.83,2205841.0,495.399,445.81919999999997,56.13854268910106
2025-05-15,501.89,519.89,500.25,515.46,1753578.0,497.213,448.10839999999996,59.4130898477729
2025-05-16,518.0,535.5,511.0,518.79,1468869.0,498.39250000000004,450.495,60.09660473972811
2025-05-19,518.79,519.89,511.0,515.57,428531.0,497.03249999999997,452.98900000000003,59.06084747749522
2025-05-20,515.53,517.88,505.5,509.51,185440.0,494.9025,455.24420000000003,57.06743204229368
2025-05-21,510.01,521.9,510.01,515.74,766793.0,494.1875,457.6686,58.61394059080708
2025-05-22,516.0,530.0,515.0,516.07,976394.0,494.054,460.0722,58.6988075470284
2025-05-23,514.0,524.0,511.0,516.57,351373.0,494.3065,462.4942,58.836540280506924
2025-05-26,517.0,521.0,512.12,513.95,253548.0,494.6155,464.7072,57.74976250454948
2025-05-27,514.0,518.65,503.26,504.79,1020483.0,495.841,467.05760000000004,53.9946478629705
2025-05-29,505.01,515.0,505.01,510.78,782913.0,497.62350000000004,469.5532,56.00907748620741
2025-05-30,513.0,513.99,507.0,509.6,550714.0,500.0514999999999,472.0218,55.49358023583804
2025-06-02,510.0,515.0,508.0,509.0,380916.0,500.59849999999994,474.47920000000005,55.21530067999298
2025-06-03,510.0,515.01,506.51,512.45,695473.0,501.858,476.9852,56.564077622926916
2025-06-04,514.0,522.0,510.0,513.15,799020.0,502.98499999999996,479.5302,56.848048978691224
2025-06-05,515.0,517.0,509.5,513.26,805913.0,504.75600000000003,482.04460000000006,56.895738726034175
2025-06-10,514.99,515.0,511.1,513.05,1246865.0,508.006,484.60940000000005,56.76675647305055
2025-06-11,515.0,521.25,514.45,515.77,1854149.0,511.00199999999995,487.2762,58.09195786270975
2025-06-12,516.0,526.99,516.0,520.2,965451.0,511.94000000000005,490.05879999999996,60.23010698710466
2025-06-13,510.1,523.5,510.1,517.63,1156413.0,513.0585,492.84860000000003,58.36955801809044
2025-06-16,520.0,521.99,514.6,516.46,596172.0,513.8900000000001,495.1774,57.498748269032276
2025-06-17,518.0,532.0,516.5,521.13,1375285.0,514.1735,497.3822,60.06004641832247
2025-06-18,524.98,524.98,514.11,515.91,638125.0,514.0295,498.8086,55.99778760520841
2025-06-19,520.0,522.9,516.02,521.4,381538.0,514.321,499.593,59.12880705139946
2025-06-20,522.79,525.25,520.0,524.19,718562.0,515.0550000000001,500.5382,60.660788291885915
2025-06-23,259.99,265.94,258.5,261.81,3805211.0,502.3585,496.57160000000005,12.647717167610892
2025-06-24,265.0,275.0,264.25,273.04,4642454.0,490.207,493.01240000000007,15.722379406244102
2025-06-25,274.85,274.85,267.1,271.09,1719096.0,477.933,489.27579999999995,15.619570254883115
2025-06-26,272.0,272.01,269.4,270.67,2312353.0,465.76900000000006,485.8544,15.595915212535402
2025-06-27,270.5,277.0,268.5,272.99,3773073.0,454.179,481.8614,16.34952484192074
2025-06-30,273.0,277.0,273.0,275.95,1848550.0,442.4375,477.87919999999997,17.36330623655239
2025-07-01,276.0,291.9,275.95,289.82,4188933.0,431.4485000000001,474.092,22.125846668638047
2025-07-02,289.5,306.5,289.0,305.79,9197607.0,421.288,470.30379999999997,27.319765975543618
2025-07-03,307.0,312.5,304.01,309.84,2884914.0,411.15749999999997,465.6452,28.619975500757647
2025-07-04,309.84,329.9,309.0,327.49,3748255.0,401.8745,461.15280000000007,34.14882683908667
2025-07-07,328.5,338.44,326.02,329.07,5204344.0,392.665,457.13340000000005,34.63690334149997
2025-07-08,328.5,336.0,325.0,330.04,3515444.0,383.5145,453.35940000000005,34.95564098120629
2025-07-09,330.04,332.9,327.0,330.09,1098739.0,374.2305,449.73079999999993,34.97324353898014
2025-07-10,332.85,336.0,329.0,333.69,1555566.0,364.905,446.2492,36.30970542399286
2025-07-11,334.0,344.5,329.5,341.71,6871072.0,356.109,443.4778,39.30259806617931
2025-07-14,343.9,362.77,343.9,360.34,3934746.0,348.303,441.18199999999996,45.68732389923398
2025-07-15,363.0,380.0,362.0,370.06,4612685.0,340.7495,439.36240000000004,48.71823506640341
2025-07-16,370.0,376.99,360.55,362.88,2562688.0,333.09799999999996,436.6588,46.64741460769402
2025-07-17,360.99,374.0,360.0,373.1,1937340.0,325.683,434.3756000000001,49.911066431032076
2025-07-18,366.5,375.97,365.0,373.48,2788781.0,318.14750000000004,432.033,50.033456180459055
2025-07-21,373.97,374.9,367.5,369.52,697674.0,323.533,429.86660000000006,48.698056816552594
2025-07-22,370.0,371.97,360.0,366.02,1895384.0,328.182,428.22600000000006,47.49156417722374
2025-07-23,365.5,369.0,361.01,366.09,1067686.0,332.93199999999996,426.43080000000003,47.51956850297771
2025-07-24,366.0,369.75,363.14,366.75,1139833.0,337.736,423.737,47.80223771205914
2025-07-25,364.97,372.48,364.1,369.37,1477082.0,342.555,421.2192,48.977103493763515
2025-07-28,369.0,371.0,363.2,364.95,1348301.0,347.005,418.52160000000003,47.05299607837012
2025-07-29,366.99,371.0,350.0,358.39,2194506.0,350.4335,415.38020000000006,44.27301663864049
2025-07-30,355.0,362.89,355.0,362.3,312884.0,353.25899999999996,412.2504,46.3091769352679
